model,Avg Reward,Success Rate,Oracle Acc,N Problems
Always-Max,-0.7843839753427884,0.9813084112149533,0.009345794392523364,107
Always-Min,-3.910891801074029,0.009345794392523364,0.018691588785046728,107
Random,-1.3253279337750208,0.8130841121495327,0.11214953271028037,107
Rule-Based,-0.7740596611689389,0.9719626168224299,0.1588785046728972,107
BC,-0.7222082612400543,0.9813084112149533,0.7663551401869159,107
CQL (best),-0.7840490126166139,0.9626168224299065,0.6915887850467289,107
IQL,-0.8839106563995295,0.9345794392523364,0.5700934579439252,107
IQL ensemble,-0.7531139253198448,0.9719626168224299,0.7102803738317757,107
IQL + BC blend,-0.7222082612400543,0.9813084112149533,0.7663551401869159,107
